NAME:,SCHOOL:,HEIGHT,WEIGHT,Hand Size ,Arm Length,Wingspan,40 Yard Dash,10 Yard Split,Vertical,Broad,3 Cone,Shuttle,Bench,position,10 Yard Splits,height_inches,weight_clean,40_yard_dash,10_yard_split,vertical,broad,3_cone,shuttle,bench,arm_length,wingspan,broad_jump_inches,position_group,hand_size,predicted_draft_position,DraftStatus,PredictedDraftPosition
Ulysses Bentley IV,Mississippi,5097.0,201.0,858.0,2900.0,7118.0,4.62,1.59,32.5,09'09,,,,RBs,,,201.0,4.62,1.59,32.5,,,,,2900.0,7118.0,117.0,RB,,0,Undrafted,0
Tahj Brooks,Texas Tech,5092.0,214.0,918.0,3038.0,7558.0,4.52,1.56,35.0,10'00,6.9,4.06,16.0,RBs,,,214.0,4.52,1.56,35.0,,6.9,4.06,16.0,3038.0,7558.0,120.0,RB,,0,Undrafted,0
Trevor Etienne,Georgia,5086.0,198.0,948.0,2928.0,7048.0,4.42,1.51,35.0,10'04,,,15.0,RBs,,,198.0,4.42,1.51,35.0,,,,15.0,2928.0,7048.0,124.0,RB,,0,Undrafted,0
Ollie Gordon II,Oklahoma State,6013.0,226.0,948.0,3268.0,8000.0,4.61,1.6,34.5,10'00,,,,RBs,,,226.0,4.61,1.6,34.5,,,,,3268.0,8000.0,120.0,RB,,0,Undrafted,0
Omarion Hampton,North Carolina,5116.0,221.0,938.0,3048.0,7468.0,4.46,1.54,38.0,10'10,,4.4,18.0,RBs,,,221.0,4.46,1.54,38.0,,,4.4,18.0,3048.0,7468.0,130.0,RB,,0,Undrafted,0
Jarquez Hunter,Auburn,5093.0,204.0,948.0,3000.0,7258.0,4.44,1.58,33.5,10'00,,,21.0,RBs,,,204.0,4.44,1.58,33.5,,,,21.0,3000.0,7258.0,120.0,RB,,0,Undrafted,0
Ja'Quinden Jackson,Arkansas,6014.0,229.0,948.0,3300.0,7938.0,,,32.0,09'11,7.19,4.36,,RBs,,,229.0,,,32.0,,7.19,4.36,,3300.0,7938.0,119.0,RB,,0,Undrafted,0
Ashton Jeanty,Boise State,5084.0,211.0,928.0,2928.0,7268.0,,,,,,,,RBs,,,211.0,,,,,,,,2928.0,7268.0,,RB,,0,Undrafted,0
Kaleb Johnson,Iowa,6010.0,224.0,958.0,3300.0,7848.0,4.57,1.62,,,,,,RBs,,,224.0,4.57,1.62,,,,,,3300.0,7848.0,,RB,,0,Undrafted,0
Quinshon Judkins,Ohio State,5115.0,221.0,928.0,3028.0,7348.0,4.48,1.51,38.5,11'00,,,,RBs,,,221.0,4.48,1.51,38.5,,,,,3028.0,7348.0,132.0,RB,,0,Undrafted,0
Corey Kiner,Cincinnati ,5085.0,208.0,768.0,3048.0,7548.0,4.57,1.59,,,,,19.0,RBs,,,208.0,4.57,1.59,,,,,19.0,3048.0,7548.0,,RB,,0,Undrafted,0
Phil Mafah,Clemson,6005.0,234.0,948.0,3158.0,7758.0,,,,,,4.24,18.0,RBs,,,234.0,,,,,,4.24,18.0,3158.0,7758.0,,RB,,0,Undrafted,0
Woody Marks,USC,5101.0,207.0,900.0,2918.0,7178.0,4.54,1.57,35.0,09'11,,,,RBs,,,207.0,4.54,1.57,35.0,,,,,2918.0,7178.0,119.0,RB,,0,Undrafted,0
Damien Martinez,Miami,5115.0,217.0,948.0,3048.0,7528.0,4.51,1.56,35.0,10'04,,,,RBs,,,217.0,4.51,1.56,35.0,,,,,3048.0,7528.0,124.0,RB,,0,Undrafted,0
Kalel Mullings,Michigan,6014.0,226.0,1000.0,3168.0,7800.0,,,,,,,,RBs,,,226.0,,,,,,,,3168.0,7800.0,,RB,,0,Undrafted,0
Dylan Sampson,Tennesee ,5081.0,200.0,868.0,3048.0,7300.0,,,35.0,10'04,,,13.0,RBs,,,200.0,,,35.0,,,,13.0,3048.0,7300.0,124.0,RB,,0,Undrafted,0
Cam Skattebo,Arizona State,5094.0,219.0,938.0,2978.0,7378.0,,,39.5,,,,,RBs,,,219.0,,,39.5,,,,,2978.0,7378.0,,RB,,0,Undrafted,0
Bhayshul Tuten,Virginia Tech,5092.0,206.0,900.0,2948.0,7278.0,4.32,1.49,40.5,10'10,,4.41,,RBs,,,206.0,4.32,1.49,40.5,,,4.41,,2948.0,7278.0,130.0,RB,,0,Undrafted,0
Jack Bech,TCU,6012.0,214.0,900.0,3148.0,7500.0,,,34.5,10'05,6.84,4.21,19.0,WRs,,,214.0,,,34.5,,6.84,4.21,19.0,3148.0,7500.0,125.0,WR,,0,Undrafted,0
Isaiah Bond,Texas,5105.0,180.0,848.0,3048.0,7548.0,4.39,1.51,,,,,,WRs,,,180.0,4.39,1.51,,,,,,3048.0,7548.0,,WR,,0,Undrafted,0
Ja'Corey Brooks,Louisville,6020.0,184.0,900.0,3168.0,7668.0,,,,,,,,WRs,,,184.0,,,,,,,,3168.0,7668.0,,WR,,0,Undrafted,0
Pat Bryant,Illinois,6022.0,204.0,948.0,3118.0,7800.0,4.61,1.56,37.5,10'04,,,,WRs,,,204.0,4.61,1.56,37.5,,,,,3118.0,7800.0,124.0,WR,,0,Undrafted,0
Luther Burden III,Missouri,6000.0,206.0,848.0,3128.0,7648.0,4.41,1.54,,,,,,WRs,,,206.0,4.41,1.54,,,,,,3128.0,7648.0,,WR,,0,Undrafted,0
Tai Felton,Maryland,6011.0,183.0,900.0,3000.0,7238.0,4.37,1.51,39.5,10'10,,,,WRs,,,183.0,4.37,1.51,39.5,,,,,3000.0,7238.0,130.0,WR,,0,Undrafted,0
Jacolby George,Miami,5110.0,172.0,948.0,3138.0,7548.0,,,32.5,10'00,6.77,,,WRs,,,172.0,,,32.5,,6.77,,,3138.0,7548.0,120.0,WR,,0,Undrafted,0
Kobe Hudson,UCF,6006.0,193.0,900.0,3058.0,7528.0,,,35.0,10'02,,,,WRs,,,193.0,,,35.0,,,,,3058.0,7528.0,122.0,WR,,0,Undrafted,0
Travis Hunter,Colorado,6003.0,188.0,918.0,3138.0,7678.0,,,,,,,,WRs,,,188.0,,,,,,,,3138.0,7678.0,,WR,,0,Undrafted,0
Jaylin Lane,Virginia Tech,5096.0,191.0,978.0,3168.0,7728.0,4.34,1.5,40.0,11'00,6.75,4.12,14.0,WRs,,,191.0,4.34,1.5,40.0,,6.75,4.12,14.0,3168.0,7728.0,132.0,WR,,0,Undrafted,0
Tetairoa McMillan,Arizona,6041.0,219.0,1000.0,3148.0,7778.0,,,,,,,,WRs,,,219.0,,,,,,,,3148.0,7778.0,,WR,,0,Undrafted,0
Isaiah Neyor,Nebraska,6042.0,218.0,948.0,3438.0,8248.0,4.4,1.51,38.0,11'01,,,,WRs,,,218.0,4.4,1.51,38.0,,,,,3438.0,8248.0,133.0,WR,,0,Undrafted,0
Xavier Restrepo,Miami,5097.0,209.0,918.0,2938.0,7158.0,,,,,,,17.0,WRs,,,209.0,,,,,,,17.0,2938.0,7158.0,,WR,,0,Undrafted,0
Jordan Watkins,Mississippi,5112.0,196.0,918.0,2938.0,7248.0,4.37,1.53,36.5,09'11,,,,WRs,,,196.0,4.37,1.53,36.5,,,,,2938.0,7248.0,119.0,WR,,0,Undrafted,0
Harold Fannin Jr,Bowling Green,6032.0,241.0,928.0,3228.0,7928.0,4.71,1.56,,09'10,6.97,4.39,22.0,TEs,,,241.0,4.71,1.56,,,6.97,4.39,22.0,3228.0,7928.0,118.0,TE,,0,Undrafted,0
Oronde Gadsden II,Syracuse,6045.0,243.0,1000.0,3338.0,8158.0,,,,09'06,,,,TEs,,,243.0,,,,,,,,3338.0,8158.0,114.0,TE,,0,Undrafted,0
Brant Kuithe,Utah,6020.0,236.0,1048.0,3158.0,7668.0,,,,,,,,TEs,,,236.0,,,,,,,,3158.0,7668.0,,TE,,0,Undrafted,0
Luke Lachey,Iowa,6056.0,251.0,1000.0,3218.0,7838.0,,,35.0,10'00,7.18,4.47,,TEs,,,251.0,,,35.0,,7.18,4.47,,3218.0,7838.0,120.0,TE,,0,Undrafted,0
Bryson Nesbit,North Carolina,6050.0,238.0,968.0,3168.0,7738.0,4.88,1.61,32.5,09'04,,,,TEs,,,238.0,4.88,1.61,32.5,,,,,3168.0,7738.0,112.0,TE,,0,Undrafted,0
Robbie Ouzts,Alabama,6030.0,274.0,968.0,3128.0,7828.0,4.91,1.64,34.0,09'11,7.34,4.45,26.0,TEs,,,274.0,4.91,1.64,34.0,,7.34,4.45,26.0,3128.0,7828.0,119.0,TE,,0,Undrafted,0
Eli Cox,Kentucky,6042.0,306.0,928.0,3100.0,7758.0,5.02,1.75,32.5,09'01,7.63,4.58,,OL,,,306.0,5.02,1.75,32.5,,7.63,4.58,,3100.0,7758.0,109.0,OL,,0,Undrafted,0
Garrett Dellinger,LSU,,,,,,,,,,,,,OL,,,,,,,,,,,,,,OL,,0,Undrafted,0
Jake Majors,Texas,6033.0,306.0,978.0,3038.0,7600.0,,,,,,,,OL,,,306.0,,,,,,,,3038.0,7600.0,,OL,,0,Undrafted,0
Jordan Burch,Oregon,6041.0,279.0,948.0,3300.0,7938.0,4.67,1.66,,,,,,DL,,,279.0,4.67,1.66,,,,,,3300.0,7938.0,,DL,,0,Undrafted,0
Fadil Diggs,Syracuse,6043.0,257.0,1038.0,3338.0,7918.0,4.57,1.6,30.5,10'01,,,,DL,,,257.0,4.57,1.6,30.5,,,,,3338.0,7918.0,121.0,DL,,0,Undrafted,0
Donovan Ezeiruaku,Boston College,6024.0,248.0,928.0,3400.0,8268.0,,,35.5,09'11,6.94,4.19,22.0,DL,,,248.0,,,35.5,,6.94,4.19,22.0,3400.0,8268.0,119.0,DL,,0,Undrafted,0
James Pearce Jr.,Tennessee,6052.0,245.0,1000.0,3268.0,8078.0,4.47,1.56,31.0,10'03,,,,DL,,,245.0,4.47,1.56,31.0,,,,,3268.0,8078.0,123.0,DL,,0,Undrafted,0
Nic Scourton,Texas A&M,6026.0,257.0,1000.0,3300.0,8078.0,,,,,,,,DL,,,257.0,,,,,,,,3300.0,8078.0,,DL,,0,Undrafted,0
JT Tuimoloau,Ohio State,6042.0,265.0,1048.0,3368.0,8238.0,,,,,,,,DL,,,265.0,,,,,,,,3368.0,8238.0,,DL,,0,Undrafted,0
Princely Umanmielen,Mississippi,6043.0,244.0,958.0,3378.0,8218.0,4.72,1.62,38.0,10'06,7.33,4.46,,DL,,,244.0,4.72,1.62,38.0,,7.33,4.46,,3378.0,8218.0,126.0,DL,,0,Undrafted,0
Jamon Dumas-Johnson,Kentucky,6006.0,238.0,948.0,3200.0,7848.0,,,,,,,,LBs,,,238.0,,,,,,,,3200.0,7848.0,,LB,,0,Undrafted,0
Jack Kiser,Notre Dame,6015.0,231.0,900.0,3038.0,7548.0,,,,,,,,LBs,,,231.0,,,,,,,,3038.0,7548.0,,LB,,0,Undrafted,0
Tyreem Powell,Rutgers,6044.0,239.0,900.0,3458.0,8238.0,,,,,,,,LBs,,,239.0,,,,,,,,3458.0,8238.0,,LB,,0,Undrafted,0
Carson Schwesinger,UCLA,6024.0,242.0,928.0,3158.0,7748.0,,,39.5,,,,20.0,LBs,,,242.0,,,39.5,,,,20.0,3158.0,7748.0,,LB,,0,Undrafted,0
Cobee Bryant,Kansas,6000.0,180.0,928.0,3128.0,7700.0,4.53,1.56,,,,,,DBs,,,180.0,4.53,1.56,,,,,,3128.0,7700.0,,DB,,0,Undrafted,0
Kitan Crawford,Nevada,5105.0,202.0,948.0,3100.0,7528.0,4.41,1.52,41.5,10'8,6.81,4.03,18.0,DBs,,,202.0,4.41,1.52,41.5,,6.81,4.03,18.0,3100.0,7528.0,128.0,DB,,0,Undrafted,0
O'Donnell Fortune,South Carolina,6006.0,185.0,928.0,3148.0,7678.0,,,32.5,09'09,,,,DBs,,,185.0,,,32.5,,,,,3148.0,7678.0,117.0,DB,,0,Undrafted,0
Jordan Hancock,Ohio State,6001.0,195.0,858.0,3068.0,7618.0,,,,,,,,DBs,,,195.0,,,,,,,,3068.0,7618.0,,DB,,0,Undrafted,0
Maxen Hook,Toledo,6004.0,202.0,918.0,3148.0,7548.0,4.55,1.55,34.5,10'4,,,,DBs,,,202.0,4.55,1.55,34.5,,,,,3148.0,7548.0,124.0,DB,,0,Undrafted,0
Travis Hunter,Colorado,6003.0,188.0,918.0,3138.0,7678.0,,,,,,,,DBs,,,188.0,,,,,,,,3138.0,7678.0,,DB,,0,Undrafted,0
Rayuan Lane III,Navy,5107.0,200.0,968.0,3028.0,7458.0,4.57,1.56,37.0,10'8,,,,DBs,,,200.0,4.57,1.56,37.0,,,,,3028.0,7458.0,128.0,DB,,0,Undrafted,0
Andrew Mukuba,Texas,5112.0,186.0,900.0,3000.0,7538.0,4.45,1.53,,,,,,DBs,,,186.0,4.45,1.53,,,,,,3000.0,7538.0,,DB,,0,Undrafted,0
Jaylin Smith,USC,5104.0,187.0,928.0,2978.0,7528.0,4.45,1.6,32.5,10'02,,,,DBs,,,187.0,4.45,1.6,32.5,,,,,2978.0,7528.0,122.0,DB,,0,Undrafted,0
Azareye'h Thomas,Florida State,6014.0,197.0,1000.0,3238.0,7800.0,,,,10'02,,,,DBs,,,197.0,,,,,,,,3238.0,7800.0,122.0,DB,,0,Undrafted,0
Malik Verdon,Iowa State,6035.0,218.0,948.0,3228.0,7838.0,,,,,,,,DBs,,,218.0,,,,,,,,3228.0,7838.0,,DB,,0,Undrafted,0
Hunter Wohler,Wisconsin,6020.0,213.0,928.0,3058.0,7538.0,4.57,1.54,37.0,10'00,,,,DBs,,,213.0,4.57,1.54,37.0,,,,,3058.0,7538.0,120.0,DB,,0,Undrafted,0
Andres Borregales,Miami,5110.0,199.0,828.0,2878.0,,,,,,,,,Specialists,,,199.0,,,,,,,,2878.0,,,ST,,0,Undrafted,0
James Burnip,Alabama,6060.0,235.0,858.0,3178.0,,,,,,,,,Specialists,,,235.0,,,,,,,,3178.0,,,ST,,0,Undrafted,0
Jeremy Crawshaw,Florida,6040.0,198.0,918.0,3300.0,,,,,,,,,Specialists,,,198.0,,,,,,,,3300.0,,,ST,,0,Undrafted,0
Ryan Fitzgerald,Florida State,5110.0,193.0,818.0,3000.0,,,,,,,,,Specialists,,,193.0,,,,,,,,3000.0,,,ST,,0,Undrafted,0
Tyler Loop,Arizona,5110.0,191.0,858.0,2838.0,,,,,,,,,Specialists,,,191.0,,,,,,,,2838.0,,,ST,,0,Undrafted,0
Ben Sauls,Pittsburgh,5100.0,182.0,958.0,2900.0,,,,,,,,,Specialists,,,182.0,,,,,,,,2900.0,,,ST,,0,Undrafted,0
Kyle McCord,Syracuse,6030.0,218.0,948.0,3100.0,7448.0,,,,,,,,QBs,,,218.0,,,,,,,,3100.0,7448.0,,QB,,1,Drafted,1
Tyler Shough,Louisville,6047.0,219.0,968.0,3068.0,7648.0,4.63,1.61,32.0,09'09,,,,QBs,,,219.0,4.63,1.61,32.0,,,,,3068.0,7648.0,117.0,QB,,2,Drafted,2
Jordan Phillips,Maryland,6015.0,312.0,968.0,3148.0,7918.0,,,31.0,09'00,8.19,4.65,29.0,DL,,,312.0,,,31.0,,8.19,4.65,29.0,3148.0,7918.0,108.0,DL,,3,Drafted,3
Jalen Travis,Iowa State,6076.0,339.0,1048.0,3478.0,8348.0,5.14,1.8,35.0,09'04,,,,OL,,,339.0,5.14,1.8,35.0,,,,,3478.0,8348.0,112.0,OL,,4,Drafted,4
Kenneth Grant,Michigan,6035.0,331.0,1028.0,3348.0,8258.0,,,,,,,22.0,DL,,,331.0,,,,,,,22.0,3348.0,8258.0,,DL,,5,Drafted,5
Jalen Milroe,Alabama,6017.0,217.0,938.0,3058.0,7658.0,,,,,,,,QBs,,,217.0,,,,,,,,3058.0,7658.0,,QB,,6,Drafted,6
Yahya Black,Iowa,6056.0,336.0,1028.0,3500.0,8378.0,5.39,1.88,25.5,08'05,7.63,4.72,,DL,,,336.0,5.39,1.88,25.5,,7.63,4.72,,3500.0,8378.0,101.0,DL,,7,Drafted,7
Tyler Batty,BYU,6055.0,271.0,938.0,3318.0,8100.0,4.78,1.69,34.0,10'00,7.21,4.54,27.0,DL,,,271.0,4.78,1.69,34.0,,7.21,4.54,27.0,3318.0,8100.0,120.0,DL,,8,Drafted,8
Jaxson Dart,Mississippi,6022.0,223.0,948.0,3000.0,7278.0,,,,,,,,QBs,,,223.0,,,,,,,,3000.0,7278.0,,QB,,9,Drafted,9
Dillon Gabriel,Oregon,5111.0,205.0,928.0,2958.0,7300.0,,,,,,,,QBs,,,205.0,,,,,,,,2958.0,7300.0,,QB,,10,Drafted,10
Will Howard,Ohio State,6042.0,236.0,900.0,3200.0,7718.0,,,31.5,09'04,7.13,4.33,,QBs,,,236.0,,,31.5,,7.13,4.33,,3200.0,7718.0,112.0,QB,,11,Drafted,11
Quinn Ewers,Texas,6021.0,214.0,938.0,3068.0,7500.0,,,,,,,,QBs,,,214.0,,,,,,,,3068.0,7500.0,,QB,,12,Drafted,12
Tommy Akingbesote,Maryland,6036.0,306.0,1000.0,3348.0,8258.0,5.22,1.77,28.0,08'07,,,,DL,,,306.0,5.22,1.77,28.0,,,,,3348.0,8258.0,103.0,DL,,13,Drafted,13
Mason Graham,Michigan,6034.0,296.0,918.0,3200.0,7848.0,,,,,,,24.0,DL,,,296.0,,,,,,,24.0,3200.0,7848.0,,DL,,14,Drafted,14
Kurtis Rourke,Indiana,6042.0,220.0,938.0,3048.0,7518.0,,,,,,,,QBs,,,220.0,,,,,,,,3048.0,7518.0,,QB,,15,Drafted,15
Seth Henigan,Memphis,6030.0,215.0,900.0,3200.0,7668.0,4.76,1.6,31.5,09'06,7.34,4.44,,QBs,,,215.0,4.76,1.6,31.5,,7.34,4.44,,3200.0,7668.0,114.0,QB,,16,Drafted,16
Derrick Harmon,Oregon,6044.0,313.0,1038.0,3438.0,8368.0,4.95,1.74,,,,,,DL,,,313.0,4.95,1.74,,,,,,3438.0,8368.0,,DL,,17,Drafted,17
Joe Huber,Wisconsin,6051.0,310.0,968.0,3228.0,7948.0,5.2,1.8,28.0,08'10,7.69,4.78,,OL,,,310.0,5.2,1.8,28.0,,7.69,4.78,,3228.0,7948.0,106.0,OL,,18,Drafted,18
Luke Kandra,Cincinnati,6046.0,319.0,1000.0,3178.0,8048.0,,,,,,,,OL,,,319.0,,,,,,,,3178.0,8048.0,,OL,,19,Drafted,19
Trey Amos,Mississippi,6006.0,195.0,900.0,3128.0,7768.0,4.43,1.6,32.5,10'06,,,13.0,DBs,,,195.0,4.43,1.6,32.5,,,,13.0,3128.0,7768.0,126.0,DB,,20,Drafted,20
Cam Ward,Miami,6015.0,219.0,900.0,3048.0,7568.0,,,,,,,,QBs,,,219.0,,,,,,,,3048.0,7568.0,,QB,,21,Drafted,21
Ahmed Hassanein,Boise State,6023.0,267.0,900.0,3228.0,7868.0,4.77,1.7,32.5,09'05,,,27.0,DL,,,267.0,4.77,1.7,32.5,,,,27.0,3228.0,7868.0,113.0,DL,,22,Drafted,22
Hollin Pierce,Rutgers,6083.0,341.0,978.0,3600.0,8828.0,,,,,,,,OL,,,341.0,,,,,,,,3600.0,8828.0,,OL,,23,Drafted,23
Max Brosmer,Minnesota,6015.0,217.0,928.0,3148.0,7548.0,,,,,,,,QBs,,,217.0,,,,,,,,3148.0,7548.0,,QB,,24,Drafted,24
Darius Alexander,Toledo,6037.0,305.0,1000.0,3400.0,8278.0,4.95,1.72,31.5,09'03,7.6,4.79,28.0,DL,,,305.0,4.95,1.72,31.5,,7.6,4.79,28.0,3400.0,8278.0,111.0,DL,,25,Drafted,25
Armand Membou,Missouri,6042.0,332.0,968.0,3348.0,8200.0,4.91,1.74,30.0,09'00,,,,OL,,,332.0,4.91,1.74,30.0,,,,,3348.0,8200.0,108.0,OL,,26,Drafted,26
Tyleik Williams,Ohio State,6027.0,334.0,1028.0,3358.0,7858.0,,,,,,,,DL,,,334.0,,,,,,,,3358.0,7858.0,,DL,,27,Drafted,27
Tim Smith,Alabama,6043.0,302.0,1038.0,3300.0,8158.0,,,,,,,,DL,,,302.0,,,,,,,,3300.0,8158.0,,DL,,28,Drafted,28
Jeffrey Bassa,Oregon,6011.0,232.0,928.0,3138.0,7868.0,4.63,,38.5,9'10,7.34,,21.0,LBs,1.59,,232.0,4.63,,38.5,,7.34,,21.0,3138.0,7868.0,118.0,LB,,29,Drafted,29
Marcus Tate,Clemson,6052.0,321.0,900.0,3268.0,8078.0,,,,,,,,OL,,,321.0,,,,,,,,3268.0,8078.0,,OL,,30,Drafted,30
Tonka Hemingway,South Carolina,6027.0,284.0,948.0,3300.0,8068.0,,,32.0,9'04,7.36,4.48,,DL,,,284.0,,,32.0,,7.36,4.48,,3300.0,8068.0,112.0,DL,,31,Drafted,31
Jaylen Reed,Penn State,5115.0,211.0,900.0,3038.0,7428.0,4.49,1.51,,,,,19.0,DBs,,,211.0,4.49,1.51,,,,,19.0,3038.0,7428.0,,DB,,32,Drafted,32
Nazir Stackhouse,Georgia,6036.0,327.0,1028.0,3248.0,7818.0,5.16,1.8,27.5,08'09,,,,DL,,,327.0,5.16,1.8,27.5,,,,,3248.0,7818.0,105.0,DL,,33,Drafted,33
Jackson Slater,Sacramento State,6030.0,311.0,1000.0,3200.0,7848.0,5.01,1.78,28.5,09'00,,,,OL,,,311.0,5.01,1.78,28.5,,,,,3200.0,7848.0,108.0,OL,,34,Drafted,34
Alfred Collins,Texas,6055.0,332.0,1000.0,3458.0,8500.0,,,26.0,8'00,,,,DL,,,332.0,,,26.0,,,,,3458.0,8500.0,96.0,DL,,35,Drafted,35
Grey Zabel,North Dakota State,6057.0,312.0,948.0,3200.0,7748.0,,,36.5,09'03,,,,OL,,,312.0,,,36.5,,,,,3200.0,7748.0,111.0,OL,,36,Drafted,36
Carson Bruener,Washington,6012.0,227.0,928.0,3168.0,7828.0,4.58,,33.5,9'11,,,,LBs,1.57,,227.0,4.58,,33.5,,,,,3168.0,7828.0,119.0,LB,,37,Drafted,37
CJ West,Indiana,6011.0,316.0,968.0,3148.0,7918.0,4.95,1.73,,,,,,DL,,,316.0,4.95,1.73,,,,,,3148.0,7918.0,,DL,,38,Drafted,38
Nick Emmanwori,South Carolina,6031.0,220.0,900.0,3248.0,7828.0,4.38,1.49,43.0,11'06,,,20.0,DBs,,,220.0,4.38,1.49,43.0,,,,20.0,3248.0,7828.0,138.0,DB,,39,Drafted,39
Jared Ivey,Mississippi,6057.0,274.0,918.0,3348.0,8268.0,,,,,,,,DL,,,274.0,,,,,,,,3348.0,8268.0,,DL,,40,Drafted,40
Anthony Belton,N.C. State,6060.0,336.0,1028.0,3378.0,8318.0,5.26,1.82,29.5,08'11,7.77,,,OL,,,336.0,5.26,1.82,29.5,,7.77,,,3378.0,8318.0,107.0,OL,,41,Drafted,41
Emery Jones Jr,LSU,6052.0,315.0,1068.0,3428.0,8148.0,,,,,,,,OL,,,315.0,,,,,,,,3428.0,8148.0,,OL,,42,Drafted,42
DJ Giddens,Kansas State,6002.0,212.0,928.0,3038.0,7528.0,4.43,1.53,39.5,10'10,,4.33,,RBs,,,212.0,4.43,1.53,39.5,,,4.33,,3038.0,7528.0,130.0,RB,,43,Drafted,43
Carson Vinson,Alabama A&M,6071.0,314.0,1028.0,3448.0,8438.0,5.12,1.8,28.5,09'03,7.51,,,OL,,,314.0,5.12,1.8,28.5,,7.51,,,3448.0,8438.0,111.0,OL,,44,Drafted,44
Aireontae Ersery,Minnesota,6062.0,331.0,948.0,3318.0,8078.0,5.01,1.75,29.5,09'03,7.81,4.82,,OL,,,331.0,5.01,1.75,29.5,,7.81,4.82,,3318.0,8078.0,111.0,OL,,45,Drafted,45
Jonas Sanker,Virginia,6003.0,206.0,968.0,3228.0,7758.0,4.48,1.51,,,,,12.0,DBs,,,206.0,4.48,1.51,,,,,12.0,3228.0,7758.0,,DB,,46,Drafted,46
Barryn Sorrell,Texas,6032.0,256.0,928.0,3228.0,7778.0,4.68,1.65,34.0,10'01,7.06,4.36,28.0,DL,,,256.0,4.68,1.65,34.0,,7.06,4.36,28.0,3228.0,7778.0,121.0,DL,,47,Drafted,47
Marcus Mbow,Purdue,6041.0,303.0,1048.0,3200.0,8000.0,,,,,,4.67,,OL,,,303.0,,,,,,4.67,,3200.0,8000.0,,OL,,48,Drafted,48
Graham Mertz,Florida,6033.0,212.0,968.0,3128.0,7648.0,,,,,,,,QBs,,,212.0,,,,,,,,3128.0,7648.0,,QB,,49,Drafted,49
T.J. Sanders,South Carolina,6037.0,297.0,1028.0,3318.0,8078.0,,,31.5,09'04,7.7,4.67,,DL,,,297.0,,,31.5,,7.7,4.67,,3318.0,8078.0,112.0,DL,,50,Drafted,50
Ashton Gillotte,Louisville,6025.0,264.0,848.0,3178.0,7858.0,,,36.5,10'00,,,24.0,DL,,,264.0,,,36.5,,,,24.0,3178.0,7858.0,120.0,DL,,51,Drafted,51
Myles Hinton,Michigan,6066.0,323.0,1028.0,3418.0,8268.0,,,31.5,,,4.96,,OL,,,323.0,,,31.5,,,4.96,,3418.0,8268.0,,OL,,52,Drafted,52
Shemar Stewart,Texas A&M,6050.0,267.0,958.0,3418.0,8468.0,4.59,1.58,40.0,"10'11""",,,,DL,,,267.0,4.59,1.58,40.0,,,,,3418.0,8468.0,131.0,DL,,53,Drafted,53
Brady Cook,Missouri,6021.0,214.0,928.0,3248.0,7758.0,4.59,1.53,37.0,10'08,7.01,4.17,,QBs,,,214.0,4.59,1.53,37.0,,7.01,4.17,,3248.0,7758.0,128.0,QB,,54,Drafted,54
Ty Hamilton,Ohio State,6027.0,299.0,958.0,3238.0,7858.0,,,,,,,,DL,,,299.0,,,,,,,,3238.0,7858.0,,DL,,55,Drafted,55
Walter Nolen,Mississippi,6036.0,296.0,948.0,3248.0,7858.0,,,,,,,,DL,,,296.0,,,,,,,,3248.0,7858.0,,DL,,56,Drafted,56
Kelvin Banks Jr.,Texas,6051.0,315.0,1038.0,3348.0,8438.0,5.16,1.79,32.0,08'08,7.81,4.66,,OL,,,315.0,5.16,1.79,32.0,,7.81,4.66,,3348.0,8438.0,104.0,OL,,57,Drafted,57
Josh Simmons,Ohio State,6047.0,317.0,1000.0,3300.0,8200.0,,,,,,,,OL,,,317.0,,,,,,,,3300.0,8200.0,,OL,,58,Drafted,58
Thomas Fidone II,Nebraska,6050.0,243.0,1058.0,3400.0,8258.0,4.7,1.57,,10'06,7.01,4.29,,TEs,,,243.0,4.7,1.57,,,7.01,4.29,,3400.0,8258.0,126.0,TE,,59,Drafted,59
Jay Toia,UCLA,6020.0,342.0,1000.0,3248.0,7638.0,,,,,,,,DL,,,342.0,,,,,,,,3248.0,7638.0,,DL,,60,Drafted,60
Robert Longerbeam,Rutgers,5110.0,175.0,848.0,3148.0,7648.0,4.39,1.5,36.5,11'02,,,,DBs,,,175.0,4.39,1.5,36.5,,,,,3148.0,7648.0,134.0,DB,,61,Drafted,61
Darien Porter,Iowa State,6027.0,195.0,900.0,3318.0,8000.0,4.3,1.49,36.5,10'11,6.71,4.04,,DBs,,,195.0,4.3,1.49,36.5,,6.71,4.04,,3318.0,8000.0,131.0,DB,,62,Drafted,62
Caleb Ransaw,Tulane,5113.0,197.0,968.0,3068.0,7558.0,4.33,1.52,40.0,10'09,,,16.0,DBs,,,197.0,4.33,1.52,40.0,,,,16.0,3068.0,7558.0,129.0,DB,,63,Drafted,63
Sean Martin,West Virginia,6054.0,293.0,1058.0,3500.0,8448.0,4.88,1.7,28.5,09'04,7.38,,28.0,DL,,,293.0,4.88,1.7,28.5,,7.38,,28.0,3500.0,8448.0,112.0,DL,,64,Drafted,64
Jonah Monheim,USC,6041.0,302.0,928.0,3018.0,7700.0,,,,,,,,OL,,,302.0,,,,,,,,3018.0,7700.0,,OL,,65,Drafted,65
Antwane Wells Jr,Mississippi,6006.0,201.0,878.0,3148.0,7718.0,4.58,1.53,34.0,10'04,,,,WRs,,,201.0,4.58,1.53,34.0,,,,,3148.0,7718.0,124.0,WR,,66,Drafted,66
Connor Colby,Iowa,6056.0,309.0,1000.0,3200.0,7718.0,5.11,1.78,28.5,09'02,7.78,4.63,,OL,,,309.0,5.11,1.78,28.5,,7.78,4.63,,3200.0,7718.0,110.0,OL,,67,Drafted,67
Tyler Baron,Miami,6045.0,258.0,1000.0,3318.0,8028.0,4.62,1.61,35.5,10'01,,,19.0,DL,,,258.0,4.62,1.61,35.5,,,,19.0,3318.0,8028.0,121.0,DL,,68,Drafted,68
Charles Grant,William and Mary,6047.0,311.0,1028.0,3468.0,8178.0,,,,,,,,OL,,,311.0,,,,,,,,3468.0,8178.0,,OL,,69,Drafted,69
Elijah Simmons,Tennessee,6010.0,334.0,1028.0,3268.0,8000.0,5.38,1.88,32.0,08'10,,,,DL,,,334.0,5.38,1.88,32.0,,,,,3268.0,8000.0,106.0,DL,,70,Drafted,70
Ethan Downs,Oklahoma,6036.0,269.0,1048.0,3100.0,7700.0,4.69,1.62,34.0,09'11,7.58,4.59,32.0,DL,,,269.0,4.69,1.62,34.0,,7.58,4.59,32.0,3100.0,7700.0,119.0,DL,,71,Drafted,71
Mykel Williams,Georgia,6051.0,260.0,1028.0,3438.0,8278.0,,,,,,,,DL,,,260.0,,,,,,,,3438.0,8278.0,,DL,,72,Drafted,72
Joshua Gray,Oregon State,6051.0,299.0,948.0,3138.0,7858.0,5.04,1.73,31.0,08'08,,,,OL,,,299.0,5.04,1.73,31.0,,,,,3138.0,7858.0,104.0,OL,,73,Drafted,73
Shemar Turner,Texas A&M,6031.0,290.0,1028.0,3358.0,8118.0,,,,,,,,DL,,,290.0,,,,,,,,3358.0,8118.0,,DL,,74,Drafted,74
Jack Nelson,Wisconsin,6070.0,314.0,1000.0,3348.0,8138.0,,,,,,,,OL,,,314.0,,,,,,,,3348.0,8138.0,,OL,,75,Drafted,75
Alijah Clark,Syracuse,6006.0,188.0,948.0,3078.0,7768.0,4.5,1.53,33.0,10'02,,,,DBs,,,188.0,4.5,1.53,33.0,,,,,3078.0,7768.0,122.0,DB,,76,Drafted,76
Jamaree Caldwell,Oregon,6021.0,332.0,938.0,3200.0,7838.0,5.17,1.86,27.0,,,,,DL,,,332.0,5.17,1.86,27.0,,,,,3200.0,7838.0,,DL,,77,Drafted,77
Tre Harris,Mississippi,6023.0,205.0,958.0,3178.0,7828.0,4.54,1.56,38.5,10'05,,,,WRs,,,205.0,4.54,1.56,38.5,,,,,3178.0,7828.0,125.0,WR,,78,Drafted,78
Cameron Williams,Texas,6056.0,317.0,1138.0,3448.0,8448.0,,,,,,,,OL,,,317.0,,,,,,,,3448.0,8448.0,,OL,,79,Drafted,79
Brandon Crenshaw-Dickson,Florida,6072.0,316.0,1048.0,3400.0,8348.0,5.33,1.87,24.5,8'00,8.15,4.91,,OL,,,316.0,5.33,1.87,24.5,,8.15,4.91,,3400.0,8348.0,96.0,OL,,80,Drafted,80
Ozzy Trapilo,Boston College,6081.0,316.0,1038.0,3300.0,8100.0,5.21,1.77,,08'10,7.71,4.7,,OL,,,316.0,5.21,1.77,,,7.71,4.7,,3300.0,8100.0,106.0,OL,,81,Drafted,81
Raheim Sanders,South Carolina,6000.0,217.0,928.0,3148.0,7628.0,4.46,1.55,36.5,,,,,RBs,,,217.0,4.46,1.55,36.5,,,,,3148.0,7628.0,,RB,,82,Drafted,82
Tate Ratledge,Georgia,6064.0,308.0,1038.0,3228.0,7928.0,4.97,1.72,32.0,09'05,7.38,,,OL,,,308.0,4.97,1.72,32.0,,7.38,,,3228.0,7928.0,113.0,OL,,83,Drafted,83
Miles Frazier,LSU,6055.0,317.0,900.0,3268.0,8128.0,,,31.0,09'00,,,,OL,,,317.0,,,31.0,,,,,3268.0,8128.0,108.0,OL,,84,Drafted,84
Dorian Strong,Virginia Tech,6010.0,195.0,928.0,3078.0,7618.0,4.5,1.55,36.0,09'08,,,15.0,DBs,,,195.0,4.5,1.55,36.0,,,,15.0,3078.0,7618.0,116.0,DB,,85,Drafted,85
Mitchell Evans,Notre Dame,6053.0,258.0,948.0,3178.0,7700.0,4.74,1.55,,09'07,7.25,4.4,,TEs,,,258.0,4.74,1.55,,,7.25,4.4,,3178.0,7700.0,115.0,TE,,86,Drafted,86
Montrell Johnson Jr.,Florida,5113.0,212.0,928.0,3068.0,7538.0,4.41,1.55,35.5,10'03,,4.29,,RBs,,,212.0,4.41,1.55,35.5,,,4.29,,3068.0,7538.0,123.0,RB,,87,Drafted,87
Teddye Buchanan,Cal,6021.0,233.0,938.0,3138.0,7538.0,4.6,,40.0,10'5,,,26.0,LBs,1.57,,233.0,4.6,,40.0,,,,26.0,3138.0,7538.0,125.0,LB,,88,Drafted,88
Arian Smith,Georgia,6001.0,179.0,900.0,3128.0,7700.0,4.36,1.51,38.0,10'07,6.82,4.19,,WRs,,,179.0,4.36,1.51,38.0,,6.82,4.19,,3128.0,7700.0,127.0,WR,,89,Drafted,89
Danny Stutsman,Oklahoma,6032.0,233.0,900.0,3218.0,7748.0,4.52,,34.0,,,,,LBs,1.55,,233.0,4.52,,34.0,,,,,3218.0,7748.0,,LB,,90,Drafted,90
Jahvaree Ritzie,North Carolina,6042.0,294.0,1028.0,3328.0,8118.0,,,35.5,09'06,,,26.0,DL,,,294.0,,,35.5,,,,26.0,3328.0,8118.0,114.0,DL,,91,Drafted,91
Power Echols,North Carolina,5113.0,237.0,918.0,3058.0,7558.0,4.73,,37.0,09'07,7.6,4.56,,LBs,1.59,,237.0,4.73,,37.0,,7.6,4.56,,3058.0,7558.0,115.0,LB,,92,Drafted,92
Jahdae Barron,Texas,5106.0,194.0,948.0,2958.0,7348.0,4.39,1.5,35.0,10'03,,,,DBs,,,194.0,4.39,1.5,35.0,,,,,2958.0,7348.0,123.0,DB,,93,Drafted,93
Xavier Truss,Georgia,6071.0,309.0,1048.0,3300.0,8278.0,5.24,1.82,26.0,08'07,,,,OL,,,309.0,5.24,1.82,26.0,,,,,3300.0,8278.0,103.0,OL,,94,Drafted,94
Zeek Biggers,Georgia Tech,6054.0,321.0,1028.0,3478.0,8518.0,5.14,1.74,34.5,09'03,,,,DL,,,321.0,5.14,1.74,34.5,,,,,3478.0,8518.0,111.0,DL,,95,Drafted,95
Jackson Woodard,UNLV,6020.0,234.0,900.0,3100.0,7758.0,,,,,,,21.0,LBs,,,234.0,,,,,,,21.0,3100.0,7758.0,,LB,,96,Drafted,96
TreVeyon Henderson,Ohio State,5101.0,202.0,948.0,3068.0,7618.0,4.43,1.52,38.5,10'08,,,,RBs,,,202.0,4.43,1.52,38.5,,,,,3068.0,7618.0,128.0,RB,,97,Drafted,97
Steve Linton,Baylor,6036.0,242.0,900.0,3428.0,8128.0,,,32.5,10'04,7.25,,21.0,DL,,,242.0,,,32.5,,7.25,,21.0,3428.0,8128.0,124.0,DL,,98,Drafted,98
Dont'e Thornton Jr,Tennesee,6045.0,205.0,958.0,3218.0,7900.0,4.3,1.51,33.0,10'06,,,,WRs,,,205.0,4.3,1.51,33.0,,,,,3218.0,7900.0,126.0,WR,,99,Drafted,99
Vernon Broughton,Texas,6050.0,311.0,928.0,3500.0,8378.0,,,,,,,,DL,,,311.0,,,,,,,,3500.0,8378.0,,DL,,100,Drafted,100
Josh Kelly,Texas Tech,6005.0,186.0,1048.0,3078.0,7658.0,4.7,1.56,33.0,10'01,7.02,,,WRs,,,186.0,4.7,1.56,33.0,,7.02,,,3078.0,7658.0,121.0,WR,,101,Drafted,101
Kaimon Rucker,North Carolina,6010.0,254.0,1000.0,3258.0,7978.0,,,,,,,27.0,DL,,,254.0,,,,,,,27.0,3258.0,7978.0,,DL,,102,Drafted,102
Omarr Norman-Lott,Tennessee,6017.0,291.0,1068.0,3368.0,8048.0,,,31.5,09'04,,,,DL,,,291.0,,,31.5,,,,,3368.0,8048.0,112.0,DL,,103,Drafted,103
Deone Walker,Kentucky,6073.0,331.0,1058.0,3428.0,8418.0,,,25.0,08'08,,,,DL,,,331.0,,,25.0,,,,,3428.0,8418.0,104.0,DL,,104,Drafted,104
Dylan Fairchild,Georgia,6052.0,318.0,1000.0,3300.0,8068.0,5.24,1.79,27.5,09'03,,,,OL,,,318.0,5.24,1.79,27.5,,,,,3300.0,8068.0,111.0,OL,,105,Drafted,105
Chase Lundt,Connecticut,6074.0,304.0,958.0,3258.0,7768.0,,,,,,,,OL,,,304.0,,,,,,,,3258.0,7768.0,,OL,,106,Drafted,106
Rylie Mills,Notre Dame,6053.0,291.0,978.0,3258.0,7968.0,,,,,,,,DL,,,291.0,,,,,,,,3258.0,7968.0,,DL,,107,Drafted,107
Devin Neal,Kansas ,5111.0,213.0,848.0,2958.0,7168.0,4.58,1.59,37.5,10'04,,,,RBs,,,213.0,4.58,1.59,37.5,,,,,2958.0,7168.0,124.0,RB,,108,Drafted,108
Tyler Booker,Alabama,6045.0,321.0,1100.0,3448.0,8348.0,5.38,1.96,27.0,07'10,7.96,4.84,,OL,,,321.0,5.38,1.96,27.0,,7.96,4.84,,3448.0,8348.0,94.0,OL,,109,Drafted,109
Elijah Roberts,SMU,6035.0,285.0,1028.0,3358.0,8248.0,4.78,1.67,31.5,09'08,,,,DL,,,285.0,4.78,1.67,31.5,,,,,3358.0,8248.0,116.0,DL,,110,Drafted,110
Logan Brown,Kansas,6063.0,311.0,1000.0,3378.0,8400.0,5.18,1.75,32.0,09'03,7.75,4.51,,OL,,,311.0,5.18,1.75,32.0,,7.75,4.51,,3378.0,8400.0,111.0,OL,,111,Drafted,111
Jared Wilson,Georgia,6030.0,310.0,1068.0,3238.0,8000.0,4.84,1.72,32.0,09'04,,4.56,,OL,,,310.0,4.84,1.72,32.0,,,4.56,,3238.0,8000.0,112.0,OL,,112,Drafted,112
Joshua Simon,South Carolina,6041.0,239.0,1018.0,3378.0,8300.0,4.66,1.58,38.0,10'04,7.22,4.4,26.0,TEs,,,239.0,4.66,1.58,38.0,,7.22,4.4,26.0,3378.0,8300.0,124.0,TE,,113,Drafted,113
Savion Williams,TCU,6037.0,222.0,1028.0,3248.0,8078.0,4.48,1.52,,,,,,WRs,,,222.0,4.48,1.52,,,,,,3248.0,8078.0,,WR,,114,Drafted,114
Mac McWilliams,UCF,5102.0,191.0,838.0,2978.0,7258.0,4.41,1.52,34.0,,,,,DBs,,,191.0,4.41,1.52,34.0,,,,,2978.0,7258.0,,DB,,115,Drafted,115
Riley Leonard,Notre Dame,6036.0,216.0,948.0,3158.0,7718.0,,,,,,,,QBs,,,216.0,,,,,,,,3158.0,7718.0,,QB,,116,Drafted,116
Caleb Rogers,Texas Tech,6045.0,312.0,968.0,3238.0,7900.0,5.1,1.78,34.0,09'03,7.43,4.49,,OL,,,312.0,5.1,1.78,34.0,,7.43,4.49,,3238.0,7900.0,111.0,OL,,117,Drafted,117
BJ Adams,UCF,6016.0,182.0,868.0,3168.0,7648.0,4.53,1.6,32.5,09'09,,,,DBs,,,182.0,4.53,1.6,32.5,,,,,3168.0,7648.0,117.0,DB,,118,Drafted,118
Warren Brinson,Georgia,6052.0,315.0,1038.0,3348.0,8078.0,5.09,1.76,31.0,09'07,,,,DL,,,315.0,5.09,1.76,31.0,,,,,3348.0,8078.0,115.0,DL,,119,Drafted,119
Landon Jackson,Arkansas,6060.0,264.0,1000.0,3328.0,8358.0,4.68,1.65,40.5,10'09,,,,DL,,,264.0,4.68,1.65,40.5,,,,,3328.0,8358.0,129.0,DL,,120,Drafted,120
RJ Harvey,UCF,5080.0,205.0,900.0,2900.0,7128.0,4.4,1.57,38.0,10'07,,4.34,16.0,RBs,,,205.0,4.4,1.57,38.0,,,4.34,16.0,2900.0,7128.0,127.0,RB,,121,Drafted,121
Collin Oliver,Oklahoma State,6016.0,240.0,948.0,3068.0,7618.0,4.56,,39.0,10'06,,,,LBs,1.57,,240.0,4.56,,39.0,,,,,3068.0,7618.0,126.0,LB,,122,Drafted,122
Billy Bowman Jr.,Oklahoma,5097.0,192.0,858.0,2848.0,7068.0,4.43,1.52,35.5,10'03,,,17.0,DBs,,,192.0,4.43,1.52,35.5,,,,17.0,2848.0,7068.0,123.0,DB,,123,Drafted,123
Antwaun Powell-Ryland,Virginia Tech,6025.0,258.0,958.0,3128.0,7618.0,4.69,1.64,36.5,10'04,,,,DL,,,258.0,4.69,1.64,36.5,,,,,3128.0,7618.0,124.0,DL,,124,Drafted,124
Wyatt Milum,West Virginia,6064.0,313.0,1028.0,3218.0,7948.0,5.27,1.84,,,,4.69,,OL,,,313.0,5.27,1.84,,,,4.69,,3218.0,7948.0,,OL,,125,Drafted,125
Jay Higgins,Iowa,6001.0,224.0,948.0,3100.0,7500.0,4.82,,33.0,09'02,7.01,4.35,,LBs,1.64,,224.0,4.82,,33.0,,7.01,4.35,,3100.0,7500.0,110.0,LB,,126,Drafted,126
Hayden Conner,Texas,6060.0,314.0,958.0,3328.0,7958.0,,,,,7.9,4.88,,OL,,,314.0,,,,,7.9,4.88,,3328.0,7958.0,,OL,,127,Drafted,127
Abdul Carter,Penn State,,,,,,,,,,,,,DL,,,,,,,,,,,,,,DL,,128,Drafted,128
Traeshon Holden,Oregon,6021.0,205.0,978.0,3158.0,7848.0,4.57,1.54,32.0,10'03,,,,WRs,,,205.0,4.57,1.54,32.0,,,,,3158.0,7848.0,123.0,WR,,129,Drafted,129
Kaden Prather,Maryland,6034.0,204.0,928.0,3178.0,7758.0,4.46,1.53,30.0,09'06,,,,WRs,,,204.0,4.46,1.53,30.0,,,,,3178.0,7758.0,114.0,WR,,130,Drafted,130
Jacob Parrish,Kansas State,5096.0,191.0,900.0,3078.0,7578.0,4.35,1.51,37.5,10'09,,,12.0,DBs,,,191.0,4.35,1.51,37.5,,,,12.0,3078.0,7578.0,129.0,DB,,131,Drafted,131
Mike Green,Marshall,6031.0,251.0,848.0,3200.0,7758.0,,,,,,,28.0,DL,,,251.0,,,,,,,28.0,3200.0,7758.0,,DL,,132,Drafted,132
Will Johnson,Michigan,6016.0,194.0,918.0,3018.0,7578.0,,,,,,,,DBs,,,194.0,,,,,,,,3018.0,7578.0,,DB,,133,Drafted,133
Chimere Dike,Florida,6005.0,196.0,918.0,3218.0,7678.0,4.34,1.51,38.5,10'08,6.82,4.27,,WRs,,,196.0,4.34,1.51,38.5,,6.82,4.27,,3218.0,7678.0,128.0,WR,,134,Drafted,134
John Williams,Cincinnati,6041.0,322.0,1100.0,3378.0,8148.0,5.17,1.8,,,7.93,4.72,,OL,,,322.0,5.17,1.8,,,7.93,4.72,,3378.0,8148.0,,OL,,135,Drafted,135
Aeneas Peebles,Virginia Tech,6004.0,282.0,958.0,3138.0,7918.0,4.95,1.74,32.5,09'01,,4.7,,DL,,,282.0,4.95,1.74,32.5,,,4.7,,3138.0,7918.0,109.0,DL,,136,Drafted,136
Jack Sawyer,Ohio State,6042.0,260.0,968.0,3168.0,7718.0,,,,,,,,DL,,,260.0,,,,,,,,3168.0,7718.0,,DL,,137,Drafted,137
Ricky White III,UNLV,6011.0,184.0,928.0,3168.0,7600.0,4.61,1.55,36.0,10'03,,,,WRs,,,184.0,4.61,1.55,36.0,,,,,3168.0,7600.0,123.0,WR,,138,Drafted,138
Cam Horsley,Boston College,6026.0,312.0,948.0,3300.0,8100.0,,,31.5,9'00,,,,DL,,,312.0,,,31.5,,,,,3300.0,8100.0,108.0,DL,,139,Drafted,139
JJ Pegues,Mississippi,6024.0,309.0,938.0,3248.0,7928.0,5.16,1.82,27.5,,,,,DL,,,309.0,5.16,1.82,27.5,,,,,3248.0,7928.0,,DL,,140,Drafted,140
"Bilhal Kone, ",Western Michigan,6012.0,190.0,900.0,3078.0,7548.0,4.43,1.54,31.5,10'04,,,,DBs,,,190.0,4.43,1.54,31.5,,,,,3078.0,7548.0,124.0,DB,,141,Drafted,141
Shedeur Sanders,Colorado,6014.0,212.0,938.0,3148.0,7768.0,,,,,,,,QBs,,,212.0,,,,,,,,3148.0,7768.0,,QB,,142,Drafted,142
Elic Ayomanor,Stanford,6016.0,206.0,1000.0,3238.0,7838.0,4.44,1.58,38.5,10'07,,,,WRs,,,206.0,4.44,1.58,38.5,,,,,3238.0,7838.0,127.0,WR,,143,Drafted,143
Clay Webb,Jacksonville State,6032.0,312.0,1000.0,3200.0,7948.0,5.11,1.72,31.0,08'11,,4.9,,OL,,,312.0,5.11,1.72,31.0,,,4.9,,3200.0,7948.0,107.0,OL,,144,Drafted,144
Gavin Bartholomew,Pittsburgh,6045.0,246.0,978.0,3138.0,7838.0,4.7,1.59,,,,,,TEs,,,246.0,4.7,1.59,,,,,,3138.0,7838.0,,TE,,145,Drafted,145
Sam Brown Jr.,Miami,6022.0,200.0,938.0,3158.0,7778.0,4.44,1.52,41.5,,,,,WRs,,,200.0,4.44,1.52,41.5,,,,,3158.0,7778.0,,WR,,146,Drafted,146
Que Robinson,Alabama,6042.0,243.0,958.0,3348.0,8018.0,,,,,,,,DL,,,243.0,,,,,,,,3348.0,8018.0,,DL,,147,Drafted,147
Bradyn Swinson,LSU,6035.0,255.0,978.0,3338.0,8128.0,,,,,7.13,4.33,,DL,,,255.0,,,,,7.13,4.33,,3338.0,8128.0,,DL,,148,Drafted,148
Josaiah Stewart,Michigan,6010.0,249.0,948.0,3178.0,7900.0,,,,,,,,DL,,,249.0,,,,,,,,3178.0,7900.0,,DL,,149,Drafted,149
Ty Robinson,Nebraska,6051.0,288.0,1000.0,3228.0,8118.0,4.83,1.71,33.5,"9'11""",7.58,4.5,28.0,DL,,,288.0,4.83,1.71,33.5,,7.58,4.5,28.0,3228.0,8118.0,119.0,DL,,150,Drafted,150
Branson Taylor,Pittsburgh,6060.0,321.0,968.0,3268.0,8168.0,,,,,,,,OL,,,321.0,,,,,,,,3268.0,8168.0,,OL,,151,Drafted,151
Josh Conerly Jr.,Oregon,6045.0,311.0,1038.0,3348.0,8228.0,5.05,1.71,34.5,08'07,,,,OL,,,311.0,5.05,1.71,34.5,,,,,3348.0,8228.0,103.0,OL,,152,Drafted,152
Kevin Winston Jr.,Penn State,6014.0,215.0,948.0,3248.0,8078.0,,,,,,,,DBs,,,215.0,,,,,,,,3248.0,8078.0,,DB,,153,Drafted,153
Seth McLaughlin,Ohio State,6040.0,304.0,948.0,3100.0,7828.0,,,34.0,09'07,,,,OL,,,304.0,,,34.0,,,,,3100.0,7828.0,115.0,OL,,154,Drafted,154
Cam Jackson,Florida,6062.0,328.0,948.0,3418.0,8178.0,5.18,1.81,24.5,07'09,,,,DL,,,328.0,5.18,1.81,24.5,,,,,3418.0,8178.0,93.0,DL,,155,Drafted,155
Matthew Golden,Texas,5110.0,191.0,948.0,3058.0,7638.0,4.29,1.49,,,,,,WRs,,,191.0,4.29,1.49,,,,,,3058.0,7638.0,,WR,,156,Drafted,156
R.J. Mickens,Clemson,6000.0,199.0,878.0,3228.0,7758.0,4.49,1.55,41.5,10'01,7.1,4.28,,DBs,,,199.0,4.49,1.55,41.5,,7.1,4.28,,3228.0,7758.0,121.0,DB,,157,Drafted,157
Smael Mondon Jr.,Georgia,6022.0,224.0,968.0,3168.0,8018.0,4.58,,,10'10,,,,LBs,1.52,,224.0,4.58,,,,,,,3168.0,8018.0,130.0,LB,,158,Drafted,158
Jalen McLeod,Auburn,6015.0,241.0,868.0,3200.0,7938.0,,,,,,,,LBs,,,241.0,,,,,,,,3200.0,7938.0,,LB,,159,Drafted,159
Isas Waxter,Villanova,6012.0,209.0,948.0,3168.0,7818.0,4.56,1.53,35.0,10'04,,,,DBs,,,209.0,4.56,1.53,35.0,,,,,3168.0,7818.0,124.0,DB,,160,Drafted,160
Jonah Savaiinaea,Arizona,6041.0,324.0,1028.0,3378.0,8228.0,4.95,1.72,29.0,08'10,,4.66,,OL,,,324.0,4.95,1.72,29.0,,,4.66,,3378.0,8228.0,106.0,OL,,161,Drafted,161
Nick Martin,Oklahoma State,5114.0,221.0,928.0,3168.0,7838.0,4.53,,38.0,10'03,,,26.0,LBs,1.54,,221.0,4.53,,38.0,,,,26.0,3168.0,7838.0,123.0,LB,,162,Drafted,162
Jalen Royals,Utah State,6000.0,205.0,948.0,3018.0,7368.0,4.42,1.49,,,,,13.0,WRs,,,205.0,4.42,1.49,,,,,13.0,3018.0,7368.0,,WR,,163,Drafted,163
Bru McCoy,Tennesee,6024.0,209.0,1000.0,3218.0,7848.0,,,,,,,,WRs,,,209.0,,,,,,,,3218.0,7848.0,,WR,,164,Drafted,164
Oluwafemi Oladejo,UCLA,6032.0,259.0,968.0,3338.0,8218.0,,,36.5,10'00,,,20.0,DL,,,259.0,,,36.5,,,,20.0,3338.0,8218.0,120.0,DL,,165,Drafted,165
Mason Taylor,LSU,6051.0,251.0,1000.0,3228.0,7868.0,,,,,,,,TEs,,,251.0,,,,,,,,3228.0,7868.0,,TE,,166,Drafted,166
Maxwell Hairston,Kentucky,5112.0,183.0,868.0,3100.0,7678.0,4.28,1.5,39.5,10'09,,,,DBs,,,183.0,4.28,1.5,39.5,,,,,3100.0,7678.0,129.0,DB,,167,Drafted,167
Eugene Asante,Auburn,6004.0,223.0,828.0,3028.0,7348.0,4.48,,,,,,21.0,LBs,1.52,,223.0,4.48,,,,,,21.0,3028.0,7348.0,,LB,,168,Drafted,168
Theo Wease Jr.,Missouri,6030.0,200.0,958.0,3218.0,7838.0,4.56,1.56,31.0,09'09,,,,WRs,,,200.0,4.56,1.56,31.0,,,,,3218.0,7838.0,117.0,WR,,169,Drafted,169
DeAndre Jules,South Carolina,6035.0,316.0,868.0,3258.0,8300.0,,,,,,,,DL,,,316.0,,,,,,,,3258.0,8300.0,,DL,,170,Drafted,170
Elijah Arroyo,Miami,6051.0,250.0,1000.0,3300.0,8178.0,,,,,,,22.0,TEs,,,250.0,,,,,,,22.0,3300.0,8178.0,,TE,,171,Drafted,171
Mello Dotson,Kansas,6005.0,192.0,848.0,3148.0,7778.0,4.59,1.53,34.5,10'03,,,,DBs,,,192.0,4.59,1.53,34.5,,,,,3148.0,7778.0,123.0,DB,,172,Drafted,172
Jaydon Blue,Texas,5090.0,196.0,828.0,2978.0,7548.0,4.38,1.52,,,,,,RBs,,,196.0,4.38,1.52,,,,,,2978.0,7548.0,,RB,,173,Drafted,173
Nohl Williams,Cal,6003.0,199.0,900.0,3068.0,7548.0,4.5,1.54,33.5,10'00,,,19.0,DBs,,,199.0,4.5,1.54,33.5,,,,19.0,3068.0,7548.0,120.0,DB,,174,Drafted,174
Barrett Carter,Clemson,6001.0,231.0,928.0,3218.0,7858.0,,,34.5,09'08,,4.41,,LBs,,,231.0,,,34.5,,,4.41,,3218.0,7858.0,116.0,LB,,175,Drafted,175
Junior Tafuna,Utah,6034.0,308.0,1048.0,3248.0,7868.0,5.04,1.8,28.5,,,,24.0,DL,,,308.0,5.04,1.8,28.5,,,,24.0,3248.0,7868.0,,DL,,176,Drafted,176
Marques Sigle,Kansas State,5113.0,199.0,928.0,3068.0,7400.0,4.37,1.5,38.0,10'10,,,,DBs,,,199.0,4.37,1.5,38.0,,,,,3068.0,7400.0,130.0,DB,,177,Drafted,177
Sebastian Castro,Iowa,5112.0,203.0,1048.0,3068.0,7438.0,4.59,1.59,30.5,09'09,,4.34,,DBs,,,203.0,4.59,1.59,30.5,,,4.34,,3068.0,7438.0,117.0,DB,,178,Drafted,178
Francisco Mauigoa,Miami,6017.0,233.0,1028.0,3168.0,7738.0,4.6,,35.0,10'01,7.15,4.24,,LBs,1.56,,233.0,4.6,,35.0,,7.15,4.24,,3168.0,7738.0,121.0,LB,,179,Drafted,179
Payton Page,Clemson,6032.0,290.0,1000.0,3138.0,7918.0,,,33.0,09'08,,,,DL,,,290.0,,,33.0,,,,,3138.0,7918.0,116.0,DL,,180,Drafted,180
Torricelli Simpkins III,South Carolina,6045.0,312.0,1018.0,3238.0,8218.0,5.45,1.84,29.0,09'02,,,,OL,,,312.0,5.45,1.84,29.0,,,,,3238.0,8218.0,110.0,OL,,181,Drafted,181
Kobe King,Penn State,6006.0,236.0,948.0,3128.0,7858.0,,,,,,,,LBs,,,236.0,,,,,,,,3128.0,7858.0,,LB,,182,Drafted,182
Jackson Hawes,Georgia Tech,6044.0,253.0,918.0,3218.0,7900.0,4.82,1.56,34.5,10'01,,4.4,16.0,TEs,,,253.0,4.82,1.56,34.5,,,4.4,16.0,3218.0,7900.0,121.0,TE,,183,Drafted,183
Upton Stout,Western Kentucky,5084.0,181.0,900.0,3000.0,7438.0,4.44,1.51,37.5,10'08,,4.29,21.0,DBs,,,181.0,4.44,1.51,37.5,,,4.29,21.0,3000.0,7438.0,128.0,DB,,184,Drafted,184
Da'Quan Felton,Virginia Tech,6056.0,213.0,900.0,3218.0,7918.0,4.5,1.52,32.5,10'02,7.1,4.3,16.0,WRs,,,213.0,4.5,1.52,32.5,,7.1,4.3,16.0,3218.0,7918.0,122.0,WR,,185,Drafted,185
Howard Cross III,Notre Dame,6013.0,285.0,1048.0,3228.0,7858.0,,,29.0,8'08,,,,DL,,,285.0,,,29.0,,,,,3228.0,7858.0,104.0,DL,,186,Drafted,186
Kain Medrano,UCLA,6027.0,222.0,918.0,3200.0,7728.0,4.46,,38.0,10'05,,,,LBs,1.57,,222.0,4.46,,38.0,,,,,3200.0,7728.0,125.0,LB,,187,Drafted,187
Demetrius Knight Jr,South Carolina,6015.0,235.0,1000.0,3258.0,8048.0,4.58,,31.5,09'10,7.12,4.25,22.0,LBs,1.58,,235.0,4.58,,31.5,,7.12,4.25,22.0,3258.0,8048.0,118.0,LB,,188,Drafted,188
Jaylin Noel,Iowa State,5102.0,194.0,868.0,2948.0,7368.0,4.39,1.51,41.5,11'02,,,,WRs,,,194.0,4.39,1.51,41.5,,,,,2948.0,7368.0,134.0,WR,,189,Drafted,189
Sai'vion Jones,LSU,6053.0,280.0,1000.0,3348.0,8238.0,,,33.0,09'11,,,19.0,DL,,,280.0,,,33.0,,,,19.0,3348.0,8238.0,119.0,DL,,190,Drafted,190
Jihaad Campbell,Alabama,6027.0,235.0,1048.0,3218.0,8000.0,4.52,,,10'07,,,,LBs,1.53,,235.0,4.52,,,,,,,3218.0,8000.0,127.0,LB,,191,Drafted,191
Andrew Armstrong,Arkansas,6036.0,202.0,958.0,3218.0,7948.0,4.51,1.53,37.5,10'04,6.97,4.18,11.0,WRs,,,202.0,4.51,1.53,37.5,,6.97,4.18,11.0,3218.0,7948.0,124.0,WR,,192,Drafted,192
Roc Taylor,Memphis,6017.0,213.0,900.0,3228.0,7828.0,4.49,1.53,30.5,10'02,,,,WRs,,,213.0,4.49,1.53,30.5,,,,,3228.0,7828.0,122.0,WR,,193,Drafted,193
Tyrion Ingram-Dawkins,Georgia,6046.0,276.0,968.0,3348.0,8268.0,4.86,1.69,36.0,10'4,7.28,4.34,,DL,,,276.0,4.86,1.69,36.0,,7.28,4.34,,3348.0,8268.0,124.0,DL,,194,Drafted,194
Will Campbell, LSU,6057.0,319.0,948.0,3258.0,7738.0,4.98,1.76,32.0,09'05,,,,OL,,,319.0,4.98,1.76,32.0,,,,,3258.0,7738.0,113.0,OL,,195,Drafted,195
CJ Dippre,Alabama,6047.0,256.0,958.0,3200.0,7968.0,4.69,1.56,,10'00,,,32.0,TEs,,,256.0,4.69,1.56,,,,,32.0,3200.0,7968.0,120.0,TE,,196,Drafted,196
Cody Simon,Ohio State,6017.0,229.0,968.0,3128.0,7568.0,,,,,,,,LBs,,,229.0,,,,,,,,3128.0,7568.0,,LB,,197,Drafted,197
LeQuint Allen,Syracuse,6001.0,204.0,1018.0,3200.0,7858.0,,,35.5,10'00,,,,RBs,,,204.0,,,35.5,,,,,3200.0,7858.0,120.0,RB,,198,Drafted,198
Drew Kendall,Boston College,6042.0,308.0,958.0,3168.0,7748.0,5.05,1.79,,,7.56,4.51,,OL,,,308.0,5.05,1.79,,,7.56,4.51,,3168.0,7748.0,,OL,,199,Drafted,199
Konata Mumpfield,Pittsburgh,5113.0,186.0,848.0,2938.0,7438.0,4.59,1.54,36.0,10'04,6.82,4.17,23.0,WRs,,,186.0,4.59,1.54,36.0,,6.82,4.17,23.0,2938.0,7438.0,124.0,WR,,200,Drafted,200
Jason Marshall Jr.,Florida,6003.0,194.0,928.0,3028.0,7558.0,4.49,1.55,37.5,10'05,,,,DBs,,,194.0,4.49,1.55,37.5,,,,,3028.0,7558.0,125.0,DB,,201,Drafted,201
Elijhah Badger,Florida,6013.0,200.0,948.0,3218.0,7858.0,4.43,1.53,35.5,,,,,WRs,,,200.0,4.43,1.53,35.5,,,,,3218.0,7858.0,,WR,,202,Drafted,202
Donovan Jackson,Ohio State,6035.0,315.0,978.0,3348.0,8368.0,,,,,,,,OL,,,315.0,,,,,,,,3348.0,8368.0,,OL,,203,Drafted,203
Brashard Smith,SMU,5097.0,194.0,868.0,3048.0,7400.0,4.39,1.58,32.5,09'09,,,,RBs,,,194.0,4.39,1.58,32.5,,,,,3048.0,7400.0,117.0,RB,,204,Drafted,204
Malachi Moore,Alabama,5112.0,196.0,900.0,2958.0,7528.0,,,,,,,,DBs,,,196.0,,,,,,,,2958.0,7528.0,,DB,,205,Drafted,205
Tyler Warren,Penn State,6054.0,256.0,948.0,3168.0,7648.0,,,,,,,,TEs,,,256.0,,,,,,,,3168.0,7648.0,,TE,,206,Drafted,206
Daniel Jackson,Minnesota,5106.0,193.0,900.0,3068.0,7468.0,,,,,6.78,,,WRs,,,193.0,,,,,6.78,,,3068.0,7468.0,,WR,,207,Drafted,207
Justin Walley,Minnesota,5101.0,190.0,1000.0,3068.0,7478.0,4.4,1.52,,,,,,DBs,,,190.0,4.4,1.52,,,,,,3068.0,7478.0,,DB,,208,Drafted,208
Jake Briningstool,Clemson,6055.0,241.0,858.0,3148.0,7758.0,4.75,1.6,31.0,09'07,,,,TEs,,,241.0,4.75,1.6,31.0,,,,,3148.0,7758.0,115.0,TE,,209,Drafted,209
Moliki Matavao,UCLA,6055.0,260.0,948.0,3248.0,7878.0,4.81,1.6,32.5,09'06,,,,TEs,,,260.0,4.81,1.6,32.5,,,,,3248.0,7878.0,114.0,TE,,210,Drafted,210
Zah Frazier,UTSA,6027.0,186.0,828.0,3278.0,8018.0,4.36,1.51,36.5,10'06,7.0,4.26,,DBs,,,186.0,4.36,1.51,36.5,,7.0,4.26,,3278.0,8018.0,126.0,DB,,211,Drafted,211
Zy Alexander,LSU,6013.0,187.0,928.0,3100.0,7748.0,4.56,1.53,31.5,09'08,,,,DBs,,,187.0,4.56,1.53,31.5,,,,,3100.0,7748.0,116.0,DB,,212,Drafted,212
Nick Nash,San Jose State,6024.0,203.0,868.0,3100.0,7648.0,4.57,1.54,34.0,10'03,,,,WRs,,,203.0,4.57,1.54,34.0,,,,,3100.0,7648.0,123.0,WR,,213,Drafted,213
Colston Loveland,Michigan,6056.0,248.0,1000.0,3268.0,,,,,,,,,TEs,,,248.0,,,,,,,,3268.0,,,TE,,214,Drafted,214
Chris Paul Jr.,Mississippi,6007.0,222.0,938.0,2978.0,7538.0,4.63,,36.0,09'09,,,,LBs,1.62,,222.0,4.63,,36.0,,,,,2978.0,7538.0,117.0,LB,,215,Drafted,215
Dominic Lovett,Georgia,5100.0,185.0,928.0,3138.0,7558.0,4.4,1.53,33.5,10'00,,4.27,,WRs,,,185.0,4.4,1.53,33.5,,,4.27,,3138.0,7558.0,120.0,WR,,216,Drafted,216
Kyle Monangai,Rutgers,5082.0,211.0,900.0,2868.0,7200.0,4.6,1.54,34.5,09'09,,,,RBs,,,211.0,4.6,1.54,34.5,,,,,2868.0,7200.0,117.0,RB,,217,Drafted,217
Donovan Edwards,Michigan,5113.0,205.0,1000.0,3000.0,7458.0,4.44,1.51,38.5,,,,23.0,RBs,,,205.0,4.44,1.51,38.5,,,,23.0,3000.0,7458.0,,RB,,218,Drafted,218
Beaux Collins,Notre Dame,6030.0,201.0,948.0,3158.0,7948.0,,,,,,,,WRs,,,201.0,,,,,,,,3158.0,7948.0,,WR,,219,Drafted,219
Jayden Higgins,Iowa State,6041.0,214.0,918.0,3318.0,8000.0,4.47,1.53,39.0,10'08,,,,WRs,,,214.0,4.47,1.53,39.0,,,,,3318.0,8000.0,128.0,WR,,220,Drafted,220
Jared Harrison-Hunte,SMU,6033.0,290.0,918.0,3300.0,7948.0,4.87,1.69,32.0,9'03,,,,DL,,,290.0,4.87,1.69,32.0,,,,,3300.0,7948.0,111.0,DL,,221,Drafted,221
Karene Reid,Utah,,,,,,,,,,,,,LBs,,,,,,,,,,,,,,LB,,222,Drafted,222
Jah Joyner,Minnesota,6042.0,262.0,938.0,3400.0,8248.0,4.6,1.67,30.0,,7.33,4.68,,DL,,,262.0,4.6,1.67,30.0,,7.33,4.68,,3400.0,8248.0,,DL,,223,Drafted,223
Dante Trader Jr.,Maryland,5107.0,196.0,878.0,3128.0,7518.0,,,31.0,09'09,,,12.0,DBs,,,196.0,,,31.0,,,,12.0,3128.0,7518.0,117.0,DB,,224,Drafted,224
Cody Lindenberg,Minnesota,6023.0,236.0,900.0,3268.0,7758.0,,,,,,,,LBs,,,236.0,,,,,,,,3268.0,7758.0,,LB,,225,Drafted,225
Eric Gregory,Arkansas,6032.0,319.0,958.0,3300.0,8128.0,5.15,1.76,27.0,9'00,7.68,4.97,28.0,DL,,,319.0,5.15,1.76,27.0,,7.68,4.97,28.0,3300.0,8128.0,108.0,DL,,226,Drafted,226
Lathan Ransom,Ohio State,6002.0,206.0,848.0,3048.0,7518.0,,,,,,,,DBs,,,206.0,,,,,,,,3048.0,7518.0,,DB,,227,Drafted,227
Xavier Watts,Notre Dame,5116.0,204.0,858.0,3148.0,7648.0,,,,,,,,DBs,,,204.0,,,,,,,,3148.0,7648.0,,DB,,228,Drafted,228
David Walker,Central Arkansas,6007.0,263.0,928.0,3178.0,7748.0,4.69,1.65,35.0,09'10,7.15,4.39,26.0,DL,,,263.0,4.69,1.65,35.0,,7.15,4.39,26.0,3178.0,7748.0,118.0,DL,,229,Drafted,229
Joshua Farmer,Florida State,6032.0,305.0,1048.0,3500.0,8338.0,5.12,1.77,29.0,09'04,,,26.0,DL,,,305.0,5.12,1.77,29.0,,,,26.0,3500.0,8338.0,112.0,DL,,230,Drafted,230
Jordan James,Oregon,5094.0,205.0,948.0,2968.0,7368.0,4.55,1.62,,09'09,,,,RBs,,,205.0,4.55,1.62,,,,,,2968.0,7368.0,117.0,RB,,231,Drafted,231
Jalen Rivers,Miami,6056.0,319.0,1000.0,3478.0,8378.0,5.29,1.85,,09'00,,,,OL,,,319.0,5.29,1.85,,,,,,3478.0,8378.0,108.0,OL,,232,Drafted,232
Alijah Huzzie,North Carolina,5096.0,193.0,858.0,2958.0,7258.0,,,,,,,,DBs,,,193.0,,,,,,,,2958.0,7258.0,,DB,,233,Drafted,233
Jalon Walker,Georgia,6010.0,243.0,1028.0,3200.0,7978.0,,,,,,,,LBs,,,243.0,,,,,,,,3200.0,7978.0,,LB,,234,Drafted,234
Emeka Egbuka,Ohio State,6007.0,202.0,958.0,3148.0,7658.0,4.5,1.52,,,,,,WRs,,,202.0,4.5,1.52,,,,,,3148.0,7658.0,,WR,,235,Drafted,235
Malaki Starks,Georgia,6007.0,197.0,948.0,3158.0,7838.0,4.5,1.51,36.5,10'10,,,,DBs,,,197.0,4.5,1.51,36.5,,,,,3158.0,7838.0,130.0,DB,,236,Drafted,236
Tory Horton,Colorado State,6024.0,196.0,900.0,3058.0,7700.0,4.41,1.53,37.5,,,,,WRs,,,196.0,4.41,1.53,37.5,,,,,3058.0,7700.0,,WR,,237,Drafted,237
LaJohntay Wester,Colorado,5094.0,163.0,858.0,2968.0,7258.0,4.46,1.53,32.0,10'1,,,,WRs,,,163.0,4.46,1.53,32.0,,,,,2968.0,7258.0,121.0,WR,,238,Drafted,238
Tez Johnson,Oregon,5097.0,154.0,900.0,2938.0,7368.0,4.51,1.53,37.0,10'11,6.65,,,WRs,,,154.0,4.51,1.53,37.0,,6.65,,,2938.0,7368.0,131.0,WR,,239,Drafted,239
Marcus Yarns,Delaware,5107.0,193.0,918.0,3118.0,7638.0,4.45,1.55,37.5,10'02,,,,RBs,,,193.0,4.45,1.55,37.5,,,,,3118.0,7638.0,122.0,RB,,240,Drafted,240
Bam Martin-Scott,South Carolina,6021.0,231.0,868.0,3200.0,7938.0,4.63,,33.5,10'02,7.26,4.53,,LBs,1.6,,231.0,4.63,,33.5,,7.26,4.53,,3200.0,7938.0,122.0,LB,,241,Drafted,241
Jermari Harris,Iowa,6004.0,191.0,968.0,3138.0,7600.0,,,37.0,10'00,,,,DBs,,,191.0,,,37.0,,,,,3138.0,7600.0,120.0,DB,,242,Drafted,242
Kyle Williams,WSU,5105.0,190.0,868.0,3018.0,7300.0,4.4,1.55,36.5,09'11,,,,WRs,,,190.0,4.4,1.55,36.5,,,,,3018.0,7300.0,119.0,WR,,243,Drafted,243
Denzel Burke,Ohio State,5112.0,186.0,868.0,3138.0,7718.0,4.48,1.5,,,,,,DBs,,,186.0,4.48,1.5,,,,,,3138.0,7718.0,,DB,,244,Drafted,244
Gunnar Helm,Texas,6050.0,241.0,978.0,3268.0,7948.0,4.84,1.69,30.0,,7.15,4.4,,TEs,,,241.0,4.84,1.69,30.0,,7.15,4.4,,3268.0,7948.0,,TE,,245,Drafted,245
Jalin Conyers,Texas Tech,6034.0,260.0,978.0,3328.0,8078.0,4.74,1.62,35.5,10'01,6.94,4.27,,TEs,,,260.0,4.74,1.62,35.5,,6.94,4.27,,3328.0,8078.0,121.0,TE,,246,Drafted,246
Jabbar Muhammad,Oregon,5091.0,182.0,900.0,2858.0,7138.0,,,29.5,,7.01,4.19,13.0,DBs,,,182.0,,,29.5,,7.01,4.19,13.0,2858.0,7138.0,,DB,,247,Drafted,247
Shemar James,Florida,6013.0,222.0,848.0,3148.0,7768.0,4.69,,32.0,09'09,7.09,4.27,,LBs,1.56,,222.0,4.69,,32.0,,7.09,4.27,,3148.0,7768.0,117.0,LB,,248,Drafted,248
Terrance Ferguson,Oregon,6053.0,247.0,928.0,3278.0,8018.0,4.63,1.55,,10'02,,,,TEs,,,247.0,4.63,1.55,,,,,,3278.0,8018.0,122.0,TE,,249,Drafted,249
Tommi Hill,Nebraska,6004.0,213.0,900.0,3278.0,7948.0,,,,,,,,DBs,,,213.0,,,,,,,,3278.0,7948.0,,DB,,250,Drafted,250
Benjamin Morrison,Notre Dame,6002.0,193.0,928.0,3038.0,7578.0,,,,,,,,DBs,,,193.0,,,,,,,,3038.0,7578.0,,DB,,251,Drafted,251
Ajani Cornelius,Oregon,6045.0,310.0,948.0,3348.0,8200.0,,,,,,,,OL,,,310.0,,,,,,,,3348.0,8200.0,,OL,,252,Drafted,252
Shavon Revel Jr.,East Carolina,6017.0,194.0,958.0,3258.0,7968.0,,,,,,,,DBs,,,194.0,,,,,,,,3258.0,7968.0,,DB,,253,Drafted,253
Craig Woodson,Cal,6001.0,200.0,868.0,3048.0,7528.0,4.45,1.53,36.0,10'07,,,13.0,DBs,,,200.0,4.45,1.53,36.0,,,,13.0,3048.0,7528.0,127.0,DB,,254,Drafted,254
Quincy Riley,Louisville,5104.0,194.0,848.0,3100.0,7500.0,4.48,1.54,,,,,,DBs,,,194.0,4.48,1.54,,,,,,3100.0,7500.0,,DB,,255,Drafted,255
Kyle Kennard,South Carolina,6040.0,254.0,968.0,3400.0,8148.0,4.73,1.63,,,,,23.0,DL,,,254.0,4.73,1.63,,,,,23.0,3400.0,8148.0,,DL,,256,Drafted,256
Jimmy Horn Jr.,Colorado,5081.0,174.0,868.0,3038.0,7448.0,4.46,1.54,38.0,10'08,,,,WRs,,,174.0,4.46,1.54,38.0,,,,,3038.0,7448.0,128.0,WR,,257,Drafted,257
KeAndre Lambert-Smith,Auburn,6006.0,190.0,918.0,3258.0,7858.0,4.37,1.53,34.5,10'04,,,,WRs,,,190.0,4.37,1.53,34.5,,,,,3258.0,7858.0,124.0,WR,,258,Drafted,258
Isaac TeSlaa,Arkansas,6035.0,214.0,1000.0,3118.0,7668.0,4.43,1.51,39.5,10'09,6.85,4.05,17.0,WRs,,,214.0,4.43,1.51,39.5,,6.85,4.05,17.0,3118.0,7668.0,129.0,WR,,259,Drafted,259
Marcus Harris,Cal,5106.0,189.0,878.0,2968.0,7500.0,4.45,1.52,,,,,,DBs,,,189.0,4.45,1.52,,,,,,2968.0,7500.0,,DB,,260,Drafted,260
